Quellnummer;Seite;Block;Buchungsdatum;Valuta_explizit;Betrag_EUR;Name_oder_Buchungsbezeichnung;Gegenkonto_IBAN;Buchungstext_vollstaendig;Textzeilen_original;Quellfundstelle
1;1;1;2026-09-30;;-15,75;Abschluss;;Abschluss Abschluss per 30.09.2026;"Abschluss
Abschluss per 30.09.2026";Seite 1, Buchungsblock 1 (vollständiger sichtbarer Block)
2;1;2;2026-09-17;;-162,30;Stadtwerke Schwerte;DE45440501990841000277;Stadtwerke Schwerte DE45440501990841000277 KD-Nummer: 199003118 / RG-Nummer: VR1000764626 Strom, Gas 2025 SecureGo plus IBAN: DE45440501990841000277 BIC: DORTDE33XXX;"Stadtwerke Schwerte
DE45440501990841000277
KD-Nummer: 199003118 / RG-Nummer: VR1000764626 Strom, Gas 2025 SecureGo
plus IBAN: DE45440501990841000277 BIC: DORTDE33XXX";Seite 1, Buchungsblock 2 (vollständiger sichtbarer Block)
3;1;3;2026-09-16;;-132,35;Adyen N.V.;DE29300600100005021573;Adyen N.V. DE29300600100005021573 The ASH Dortmund a98dcc5a-b684-459b-afb1-abc/Europapla15.09.2026 um 21:01:54 Uhr 51745200/000249/CICC/FPIN 44160014/6708656600/0/1228 REF 543612/260047;"Adyen N.V.
DE29300600100005021573
The ASH Dortmund a98dcc5a-b684-459b-afb1-abc/Europapla15.09.2026 um
21:01:54 Uhr 51745200/000249/CICC/FPIN 44160014/6708656600/0/1228 REF
543612/260047";Seite 1, Buchungsblock 3 (vollständiger sichtbarer Block)
4;1;4;2026-09-11;;-373,35;Martin Wieslaw Aleksandrowicz;DE29466702040077128700;Martin Wieslaw Aleksandrowicz DE29466702040077128700 RG-20260040, MeDiNo Immobilien UG (haftungsbeschränkt) SecureGo plus IBAN: DE29466702040077128700 BIC: DEUTDEDWP03;"Martin Wieslaw Aleksandrowicz
DE29466702040077128700
RG-20260040, MeDiNo Immobilien UG (haftungsbeschränkt) SecureGo plus IBAN:
DE29466702040077128700 BIC: DEUTDEDWP03";Seite 1, Buchungsblock 4 (vollständiger sichtbarer Block)
5;1;5;2026-09-08;;-52,72;Stadt Schwerte;DE20440501990841000145;Stadt Schwerte DE20440501990841000145 Kassenzeichen 0100.183505.001, Grundsteuer B SecureGo plus IBAN: DE20440501990841000145 BIC: DORTDE33XXX;"Stadt Schwerte
DE20440501990841000145
Kassenzeichen 0100.183505.001, Grundsteuer B SecureGo plus IBAN:
DE20440501990841000145 BIC: DORTDE33XXX";Seite 1, Buchungsblock 5 (vollständiger sichtbarer Block)
6;1;6;2026-09-08;;2000,00;RALF WARCHHOLD UND FRAU ANDREA WARCHHOLD-ESKE;DE73440501990912213196;RALF WARCHHOLD UND FRAU ANDREA WARCHHOLD-ESKE DE73440501990912213196 Wohnungskauf Richardstrase 15 in 58239 Schwerte -Zahlung vorbehaltlich der Ubergabe DATUM 07.09.2026, 15.41 UHR;"RALF WARCHHOLD UND FRAU ANDREA WARCHHOLD-ESKE
DE73440501990912213196
Wohnungskauf Richardstrase 15 in 58239 Schwerte -Zahlung vorbehaltlich der
Ubergabe DATUM 07.09.2026, 15.41 UHR";Seite 1, Buchungsblock 6 (vollständiger sichtbarer Block)
7;2;1;2026-09-08;;76000,00;RALF WARCHHOLD UND FRAU ANDREA WARCHHOLD-ESKE;DE73440501990912213196;RALF WARCHHOLD UND FRAU ANDREA WARCHHOLD-ESKE DE73440501990912213196 Wohnungskauf Richardstrase 15 in 58239 Schwerte -Zahlung vorbehaltlich der Ubergabe;"RALF WARCHHOLD UND FRAU ANDREA WARCHHOLD-ESKE
DE73440501990912213196
Wohnungskauf Richardstrase 15 in 58239 Schwerte -Zahlung vorbehaltlich der
Ubergabe";Seite 2, Buchungsblock 1 (vollständiger sichtbarer Block)
8;2;2;2026-09-04;;-591,01;Martin Wieslaw Aleksandrowicz;DE29466702040077128700;Martin Wieslaw Aleksandrowicz DE29466702040077128700 RG-20260037 Kunden Nr.: 10030 MeDiNo Immobilien UG (haftungsbeschränkt) SecureGo plus IBAN: DE29466702040077128700 BIC: DEUTDEDWP03;"Martin Wieslaw Aleksandrowicz
DE29466702040077128700
RG-20260037 Kunden Nr.: 10030 MeDiNo Immobilien UG (haftungsbeschränkt)
SecureGo plus IBAN: DE29466702040077128700 BIC: DEUTDEDWP03";Seite 2, Buchungsblock 2 (vollständiger sichtbarer Block)
9;2;3;2026-08-31;;-13,35;Abschluss;;Abschluss Abschluss per 31.08.2026;"Abschluss
Abschluss per 31.08.2026";Seite 2, Buchungsblock 3 (vollständiger sichtbarer Block)
10;2;4;2026-08-21;;-1256,87;Silbersiepe Immobilien;DE17450600090036142000;Silbersiepe Immobilien DE17450600090036142000 Jahresabrechnung Nebenkosten 2025 01.06.-31.12. Schwerte, Richardstr. 15 SecureGo plus IBAN: DE17450600090036142000 BIC: GENODEM1HGN;"Silbersiepe Immobilien
DE17450600090036142000
Jahresabrechnung Nebenkosten 2025 01.06.-31.12. Schwerte, Richardstr. 15
SecureGo plus IBAN: DE17450600090036142000 BIC: GENODEM1HGN";Seite 2, Buchungsblock 4 (vollständiger sichtbarer Block)
11;2;5;2026-07-31;;-13,35;Abschluss;;Abschluss Abschluss per 31.07.2026;"Abschluss
Abschluss per 31.07.2026";Seite 2, Buchungsblock 5 (vollständiger sichtbarer Block)
12;2;6;2026-07-22;;-53,67;Stadt Schwerte;DE20440501990841000145;Stadt Schwerte DE20440501990841000145 0100.183505.001-183505 / Grundsteuer / 2026/2248 SecureGo plus IBAN: DE20440501990841000145 BIC: DORTDE33XXX;"Stadt Schwerte
DE20440501990841000145
0100.183505.001-183505 / Grundsteuer / 2026/2248 SecureGo plus IBAN:
DE20440501990841000145 BIC: DORTDE33XXX";Seite 2, Buchungsblock 6 (vollständiger sichtbarer Block)
13;2;7;2026-06-30;;-13,35;Abschluss;;Abschluss Abschluss per 30.06.2026;"Abschluss
Abschluss per 30.06.2026";Seite 2, Buchungsblock 7 (vollständiger sichtbarer Block)
14;2;8;2026-06-17;;-270,00;Industrie- und Handelskammer zu Dortmund;DE86440501990301001703;Industrie- und Handelskammer zu Dortmund DE86440501990301001703 10001339369 / 41388600 / Beitrag 2026 SecureGo plus IBAN: DE86440501990301001703 BIC: DORTDE33XXX;"Industrie- und Handelskammer zu Dortmund
DE86440501990301001703
10001339369 / 41388600 / Beitrag 2026 SecureGo plus IBAN:
DE86440501990301001703 BIC: DORTDE33XXX";Seite 2, Buchungsblock 8 (vollständiger sichtbarer Block)
15;2;9;2026-05-29;2026-05-31;-13,35;Abschluss;;Abschluss Abschluss per 31.05.2026;"Abschluss
Abschluss per 31.05.2026";Seite 2, Buchungsblock 9 (vollständiger sichtbarer Block)
16;2;10;2026-05-22;;-199,00;OM PropTech GmbH;DE32230527500000665045;OM PropTech GmbH DE32230527500000665045 Rg 1143668 / OM-428128 SecureGo plus IBAN: DE32230527500000665045 BIC: NOLADE21RZB;"OM PropTech GmbH
DE32230527500000665045
Rg 1143668 / OM-428128 SecureGo plus IBAN: DE32230527500000665045 BIC:
NOLADE21RZB";Seite 2, Buchungsblock 10 (vollständiger sichtbarer Block)
17;2;11;2026-04-30;;-13,35;Abschluss;;Abschluss Abschluss per 30.04.2026;"Abschluss
Abschluss per 30.04.2026";Seite 2, Buchungsblock 11 (vollständiger sichtbarer Block)
18;3;1;2026-04-07;;-70,34;Daniel Dissel;DE98200411550350428900;Daniel Dissel DE98200411550350428900 Erstattung Auslage Materialien für Reparaturen am Objekt Schwerte, Richardstr. 15 / Einkauf bei Toom SecureGo plus IBAN: DE98200411550350428900 BIC: COBADEHD055;"Daniel Dissel
DE98200411550350428900
Erstattung Auslage Materialien für Reparaturen am Objekt Schwerte, Richardstr. 15 /
Einkauf bei Toom SecureGo plus IBAN: DE98200411550350428900 BIC:
COBADEHD055";Seite 3, Buchungsblock 1 (vollständiger sichtbarer Block)
19;3;2;2026-03-31;;-14,95;Abschluss;;Abschluss Abschluss per 31.03.2026;"Abschluss
Abschluss per 31.03.2026";Seite 3, Buchungsblock 2 (vollständiger sichtbarer Block)
20;3;3;2026-03-20;;-299,00;OM PropTech GmbH;DE32230527500000665045;OM PropTech GmbH DE32230527500000665045 Rechnung 1112701 Inserat SecureGo plus IBAN: DE32230527500000665045 BIC: NOLADE21RZB;"OM PropTech GmbH
DE32230527500000665045
Rechnung 1112701 Inserat SecureGo plus IBAN: DE32230527500000665045 BIC:
NOLADE21RZB";Seite 3, Buchungsblock 3 (vollständiger sichtbarer Block)
21;3;4;2026-03-16;;-46,72;Stadt Schwerte;DE20440501990841000145;Stadt Schwerte DE20440501990841000145 0100.183505.001 / Grundbesitzabgaben / Schwerte, Richardstr. 15 / Q1 2026 SecureGo plus IBAN: DE20440501990841000145 BIC: DORTDE33XXX;"Stadt Schwerte
DE20440501990841000145
0100.183505.001 / Grundbesitzabgaben / Schwerte, Richardstr. 15 / Q1 2026
SecureGo plus IBAN: DE20440501990841000145 BIC: DORTDE33XXX";Seite 3, Buchungsblock 4 (vollständiger sichtbarer Block)
22;3;5;2026-03-12;;-9,87;HORNBACH 567 DORTMUND;DE71500400000600247190;HORNBACH 567 DORTMUND DE71500400000600247190 HORNBACH 567 DORTMUND 100308100251349281200005670 ELV65264365 10.03 08.10 Der Einzug erfolgt im Namen und auf Rechnung der PAYONE GmbH EREF: 10030810025134928120000567065264365 MREF: 6526436581192603100810 CRED: DE16E0100000020245 IBAN: DE71500400000600247190 BIC: COBADEFF;"HORNBACH 567 DORTMUND
DE71500400000600247190
HORNBACH 567 DORTMUND 100308100251349281200005670 ELV65264365 10.03
08.10 Der Einzug erfolgt im Namen und auf Rechnung der PAYONE GmbH EREF:
10030810025134928120000567065264365 MREF: 6526436581192603100810
CRED: DE16E0100000020245 IBAN: DE71500400000600247190 BIC: COBADEFF";Seite 3, Buchungsblock 5 (vollständiger sichtbarer Block)
23;3;6;2026-03-11;;-8,90;HORNBACH 567 DORTMUND;DE71500400000600247190;HORNBACH 567 DORTMUND DE71500400000600247190 HORNBACH 567 DORTMUND 090307530146731281200005670 ELV65264370 09.03 07.53 Der Einzug erfolgt im Namen und auf Rechnung der PAYONE GmbH EREF: 09030753014673128120000567065264370 MREF: 6526437079422603090753 CRED: DE16E0100000020245 IBAN: DE71500400000600247190 BIC: COBADEFF;"HORNBACH 567 DORTMUND
DE71500400000600247190
HORNBACH 567 DORTMUND 090307530146731281200005670 ELV65264370 09.03
07.53 Der Einzug erfolgt im Namen und auf Rechnung der PAYONE GmbH EREF:
09030753014673128120000567065264370 MREF: 6526437079422603090753
CRED: DE16E0100000020245 IBAN: DE71500400000600247190 BIC: COBADEFF";Seite 3, Buchungsblock 6 (vollständiger sichtbarer Block)
24;3;7;2026-03-03;;-38,82;Stadt Schwerte;DE20440501990841000145;Stadt Schwerte DE20440501990841000145 0100.163732.001 Grundbesitzabgaben, Schwerte - Richardstraße 15, Fälligkeit 15.11.2015 SecureGo plus IBAN: DE20440501990841000145 BIC: DORTDE33XXX;"Stadt Schwerte
DE20440501990841000145
0100.163732.001 Grundbesitzabgaben, Schwerte - Richardstraße 15, Fälligkeit
15.11.2015 SecureGo plus IBAN: DE20440501990841000145 BIC: DORTDE33XXX";Seite 3, Buchungsblock 7 (vollständiger sichtbarer Block)
25;3;8;2026-02-27;2026-02-28;-12,95;Abschluss;;Abschluss Abschluss per 28.02.2026;"Abschluss
Abschluss per 28.02.2026";Seite 3, Buchungsblock 8 (vollständiger sichtbarer Block)
26;3;9;2026-01-30;2026-01-31;-14,15;Abschluss;;Abschluss Abschluss per 31.01.2026;"Abschluss
Abschluss per 31.01.2026";Seite 3, Buchungsblock 9 (vollständiger sichtbarer Block)
27;4;1;2026-01-29;;-31,90;HORNBACH 567 DORTMUND;DE71500400000600247190;HORNBACH 567 DORTMUND DE71500400000600247190 HORNBACH 567 DORTMUND 270116140155862281200005670 ELV65264363 27.01 16.14 Der Einzug erfolgt im Namen und auf Rechnung der PAYONE GmbH EREF: 27011614015586228120000567065264363 MREF: 6526436376392601271614 CRED: DE16E0100000020245 IBAN: DE71500400000600247190 BIC: COBADEFF;"HORNBACH 567 DORTMUND
DE71500400000600247190
HORNBACH 567 DORTMUND 270116140155862281200005670 ELV65264363 27.01
16.14 Der Einzug erfolgt im Namen und auf Rechnung der PAYONE GmbH EREF:
27011614015586228120000567065264363 MREF: 6526436376392601271614
CRED: DE16E0100000020245 IBAN: DE71500400000600247190 BIC: COBADEFF";Seite 4, Buchungsblock 1 (vollständiger sichtbarer Block)
28;4;2;2026-01-22;;-12,00;Jahrespreis girocard;DE75441600149973080300;Jahrespreis girocard DE75441600149973080300 Kartendaten: Felix Mechler IBAN DE35441600146708656600Gültig bis 12.2028 Folge-Nr. 0 Ausgabe einer Debitkarte: Jahrespreis girocard bezahlt bis 12.2026;"Jahrespreis girocard
DE75441600149973080300
Kartendaten: Felix Mechler IBAN DE35441600146708656600Gültig bis
12.2028 Folge-Nr. 0 Ausgabe einer Debitkarte: Jahrespreis girocard
bezahlt bis 12.2026";Seite 4, Buchungsblock 2 (vollständiger sichtbarer Block)
29;4;3;2026-01-22;;-12,00;Jahrespreis girocard;DE75441600149973080300;Jahrespreis girocard DE75441600149973080300 Kartendaten: Daniel Dissel IBAN DE35441600146708656600Gültig bis 12.2028 Folge-Nr. 1 Ausgabe einer Debitkarte: Jahrespreis girocard bezahlt bis 12.2026;"Jahrespreis girocard
DE75441600149973080300
Kartendaten: Daniel Dissel IBAN DE35441600146708656600Gültig bis
12.2028 Folge-Nr. 1 Ausgabe einer Debitkarte: Jahrespreis girocard
bezahlt bis 12.2026";Seite 4, Buchungsblock 3 (vollständiger sichtbarer Block)
30;4;4;2026-01-22;;-12,00;Jahrespreis girocard;DE75441600149973080300;Jahrespreis girocard DE75441600149973080300 Kartendaten: Jakob Nowak IBAN DE35441600146708656600Gültig bis 12.2028 Folge-Nr. 2 Ausgabe einer Debitkarte: Jahrespreis girocard bezahlt bis 12.2026;"Jahrespreis girocard
DE75441600149973080300
Kartendaten: Jakob Nowak IBAN DE35441600146708656600Gültig
bis 12.2028 Folge-Nr. 2 Ausgabe einer Debitkarte: Jahrespreis girocard
bezahlt bis 12.2026";Seite 4, Buchungsblock 4 (vollständiger sichtbarer Block)
31;4;5;2026-01-21;;-38,25;HORNBACH 567 DORTMUND;DE71500400000600247190;HORNBACH 567 DORTMUND DE71500400000600247190 HORNBACH 567 DORTMUND 190110280157280281200005670 ELV65149796 19.01 10.28 Der Einzug erfolgt im Namen und auf Rechnung der PAYONE GmbH EREF: 19011028015728028120000567065149796 MREF: G514979672842601191028 CRED: DE16E0100000020245 IBAN: DE71500400000600247190 BIC: COBADEFF;"HORNBACH 567 DORTMUND
DE71500400000600247190
HORNBACH 567 DORTMUND 190110280157280281200005670 ELV65149796 19.01
10.28 Der Einzug erfolgt im Namen und auf Rechnung der PAYONE GmbH EREF:
19011028015728028120000567065149796 MREF: G514979672842601191028
CRED: DE16E0100000020245 IBAN: DE71500400000600247190 BIC: COBADEFF";Seite 4, Buchungsblock 5 (vollständiger sichtbarer Block)
32;4;6;2026-01-08;;5000,00;Jakob Paul Nowak, Saskia Nowak;DE23200411110607531100;Jakob Paul Nowak, Saskia Nowak DE23200411110607531100 Gesellschafterdarlehen 003 von Nowak an MeDiNo - Auszahlung;"Jakob Paul Nowak, Saskia Nowak
DE23200411110607531100
Gesellschafterdarlehen 003 von Nowak an MeDiNo - Auszahlung";Seite 4, Buchungsblock 6 (vollständiger sichtbarer Block)
